Feature,Coefficient
AveBedrms,0.7831449067929728
MedInc,0.4486749096657177
HouseAge,0.009724257517904874
Population,-2.0296205801399736e-06
AveOccup,-0.0035263184871342584
AveRooms,-0.1233233428279594
Latitude,-0.4197924865883591
Longitude,-0.4337080649639869
