Actual Values,Predicted Values
0.477,0.7191228416019158
0.458,1.7640165706624202
5.00001,2.7096588334317175
2.186,2.838925930183933
2.78,2.604657251810309
1.587,2.011753673249906
1.982,2.6455000493766505
1.575,2.168755321287101
3.4,2.740746441138512
4.466,3.9156147250324693
