Fold,RMSE
1,0.8508950009345633
2,0.7456722244641456
3,0.7557974758805104
4,0.8934789608336859
5,0.824427170216381
Mean,0.8140541664658573
Std,0.056290454326489756
