Rank,Model,RMSE,R2 Score,Model Type
1,Tuned Decision Tree,0.6454300828015771,0.6820992539714815,Optimized
2,Original Decision Tree,0.7242338143386247,0.5997321244428706,Baseline
3,Ridge Regression,0.7455542909384612,0.5758185345441319,Baseline
4,Linear Regression,0.7455813830127764,0.5757877060324508,Baseline
