Model,RMSE,R2 Score
Decision Tree Regressor,0.7242338143386247,0.5997321244428706
Ridge Regression,0.7455542909384612,0.5758185345441319
Linear Regression,0.7455813830127764,0.5757877060324508
